0,3.6216,8.6661,-2.8073,-0.44699
0,4.5459,8.1674,-2.4586,-1.46210
0,3.8660,-2.6383,1.9242,0.10645
0,3.4566,9.5228,-4.0112,-3.59440
0,0.3292,-4.4552,4.5718,-0.98880
0,4.3684,9.6718,-3.9606,-3.16250
0,3.5912,3.0129,0.7289,0.56421
0,2.0922,-6.8100,8.4636,-0.60216
0,3.2032,5.7588,-0.7535,-0.61251
0,1.5356,9.1772,-2.2718,-0.73535
0,1.2247,8.7779,-2.2135,-0.80647
0,3.9899,-2.7066,2.3946,0.86291
0,1.8993,7.6625,0.1539,-3.11080
0,-1.5768,10.8430,2.5462,-2.93620
0,3.4040,8.7261,-2.9915,-0.57242
0,4.6765,-3.3895,3.4896,1.47710
0,2.6719,3.0646,0.3716,0.58619
0,0.8036,2.8473,4.3439,0.60170
0,1.4479,-4.8794,8.3428,-2.10860
0,5.2423,11.0272,-4.3530,-4.10130
0,5.7867,7.8902,-2.6196,-0.48708
0,0.3292,-4.4552,4.5718,-0.98880
0,3.9362,10.1622,-3.8235,-4.01720
0,0.9358,8.8855,-1.6831,-1.65990
0,4.4338,9.8870,-4.6795,-3.74830
0,0.7057,-5.4981,8.3368,-2.87150
0,1.1432,-3.7413,5.5777,-0.63578
0,-0.3821,8.3909,2.1624,-3.74050
0,6.5633,9.8187,-4.4113,-3.22580
0,4.8906,-3.3584,3.4202,1.09050
0,-0.2481,-0.1780,4.9068,0.15429
0,1.4884,3.6274,3.3080,0.48921
0,4.2969,7.6170,-2.3874,-0.96164
0,-0.9651,9.4111,1.7305,-4.86290
0,-1.6162,0.8091,8.1628,0.60817
0,2.4391,6.4417,-0.8074,-0.69139
0,2.6881,6.0195,-0.4664,-0.69268
0,3.6289,0.8132,1.6277,0.77627
0,4.5679,3.1929,-2.1055,0.29653
0,3.4805,9.7008,-3.7541,-3.43790
0,4.1711,8.7220,-3.0224,-0.59699
0,-0.2062,9.2207,-3.7044,-6.81030
0,-0.0069,9.2931,-0.4124,-1.96380
0,0.9644,5.8395,2.3235,0.06637
0,2.8561,6.9176,-0.7937,0.48403
0,-0.7869,9.5663,-3.7867,-7.50340
0,2.0843,6.6258,0.4838,-2.21340
0,-0.7869,9.5663,-3.7867,-7.50340
0,3.9102,6.0650,-2.4534,-0.68234
0,1.6349,3.2860,2.8753,0.08705
0,4.3239,-4.8835,3.4356,-0.57760
0,5.2620,3.9834,-1.5572,1.01030
0,3.1452,5.8250,-0.5144,-1.49440
0,2.5490,6.1499,-1.1605,-1.23710
0,4.9264,5.4960,-2.4774,-0.50648
0,4.8265,0.8029,1.6371,1.18750
0,2.5635,6.7769,-0.6198,0.38576
0,5.8070,5.0097,-2.2384,0.43878
0,3.1377,-4.1096,4.5701,0.98963
0,-0.7829,11.3603,-0.3764,-7.04950
0,2.8880,0.4470,4.5907,-0.24398
0,0.4967,5.5270,1.7785,-0.47156
0,4.2586,11.2962,-4.0943,-4.34570
0,1.7939,-1.1174,1.5454,-0.26079
0,5.4021,3.1039,-1.1536,1.56510
0,2.5367,2.5990,2.0938,0.20085
0,4.6054,-4.0765,2.7587,0.31981
0,2.4235,9.5332,-3.0789,-2.77460
0,1.0009,7.7846,-0.2822,-2.66080
0,0.1233,8.9848,-0.9351,-2.43320
0,3.9529,-2.3548,2.3792,0.48274
0,4.1373,0.4925,1.0930,1.82760
0,4.7181,10.0153,-3.9486,-3.85820
0,4.1654,-3.4495,3.6430,1.08790
0,4.4069,10.9072,-4.5775,-4.42710
0,2.3066,3.5364,0.5755,0.41938
0,3.7935,7.9853,-2.5477,-1.87200
0,0.0492,6.1437,1.7828,-0.72113
0,0.2484,7.6439,0.9885,-0.87371
0,1.1317,3.9647,3.3979,0.84351
0,2.8033,9.0862,-3.3668,-1.02240
0,4.4682,2.2907,0.9577,0.83058
0,5.0185,8.5978,-2.9375,-1.28100
0,1.8664,7.7763,-0.2385,-2.96340
0,3.2450,6.6300,-0.6344,0.86937
0,4.0296,2.6756,0.8069,0.71679
0,-1.1313,1.9037,7.5339,1.02200
0,0.8760,6.8141,0.8420,-0.17156
0,4.1197,-2.7956,2.0707,0.67412
0,3.8027,0.8153,2.1041,1.02450
0,1.4806,7.6377,-2.7876,-1.03410
0,4.0632,3.5840,0.7255,0.39481
0,4.3064,8.2068,-2.7824,-1.43360
0,2.4486,-6.3175,7.9632,0.20602
0,3.2718,1.7837,2.1161,0.61334
0,-0.6447,-4.6062,8.3470,-2.70990
0,2.9543,1.0760,0.6458,0.89394
0,2.1616,-6.8804,8.1517,-0.08105
0,3.8200,10.9279,-4.0112,-5.02840
0,-2.7419,11.4038,2.5394,-5.57930
0,3.3669,-5.1856,3.6935,-1.14270
0,4.5597,-2.4211,2.6413,1.61680
0,5.1129,-0.4987,0.6286,1.11890
0,3.3397,-4.6145,3.9823,-0.23751
0,4.2027,0.2276,0.9611,0.97282
0,3.5438,1.2395,1.9970,2.15470
0,2.3136,10.6651,-3.5288,-4.76720
0,-1.8584,7.8860,-1.6643,-1.83840
0,3.1060,9.5414,-4.2536,-4.00300
0,2.9163,10.8306,-3.3437,-4.12200
0,3.9922,-4.4676,3.7304,-0.10950
0,1.5180,5.6946,0.0948,-0.02674
0,3.2351,9.6470,-3.2074,-2.59480
0,4.2188,6.8162,-1.2804,0.76076
0,1.7819,6.9176,-1.2744,-1.57590
0,2.5331,2.9135,-0.8220,-0.12243
0,3.8969,7.4163,-1.8245,0.14007
0,2.1080,6.7955,-0.1708,0.49050
0,2.8969,0.7077,2.2900,1.86630
0,0.9297,-3.7971,4.6429,-0.29570
0,3.4642,10.6878,-3.4071,-4.10900
0,4.0713,10.4023,-4.1722,-4.75820
0,-1.4572,9.1214,1.7425,-5.12410
0,-1.5075,1.9224,7.1466,0.89136
0,-0.9172,9.9884,1.1804,-5.22630
0,2.9940,7.2011,-1.2153,0.32110
0,-2.3430,12.9516,3.3285,-5.94260
0,3.7818,-2.8846,2.2558,-0.15734
0,4.6689,1.3098,0.0554,1.90900
0,3.4663,1.1112,1.7425,1.33880
0,3.2697,-4.3414,3.6884,-0.29829
0,5.1302,8.6703,-2.8913,-1.50860
0,2.0139,6.1416,0.3793,0.56938
0,0.4339,5.5395,2.0330,-0.40432
0,-1.0401,9.3987,0.8600,-5.33360
0,4.1605,11.2196,-3.6136,-4.08190
0,5.4380,9.4669,-4.9417,-3.92020
0,5.0320,8.2026,-2.6256,-1.03410
0,5.2418,10.5388,-4.1174,-4.27970
0,-0.2062,9.2207,-3.7044,-6.81030
0,2.0911,0.9436,4.5512,1.23400
0,1.7317,-0.3477,4.1905,-0.99138
0,4.1736,3.3336,-1.4244,0.60429
0,3.9232,-3.2467,3.4579,0.83705
0,3.8481,10.1539,-3.8561,-4.22280
0,0.5195,-3.2633,3.0895,-0.98490
0,3.8584,0.7843,1.1033,1.70080
0,1.7496,-0.1759,5.1827,1.29220
0,3.6277,0.9829,0.6886,0.63403
0,2.7391,7.4018,0.0717,-2.53020
0,4.5447,8.2274,-2.4166,-1.58750
0,-1.7599,11.9211,2.6756,-3.32410
0,5.0691,0.2131,0.2028,1.20950
0,3.4591,11.1120,-4.2039,-5.09310
0,1.9358,8.1654,-0.0234,-2.25860
0,2.4860,-0.9953,5.3404,-0.15475
0,2.4226,-4.5752,5.9470,0.21507
0,3.9479,-3.7723,2.8830,0.01981
0,2.2634,-4.4862,3.6558,-0.61251
0,1.3566,4.2358,2.1341,0.32110
0,5.0452,3.8964,-1.4304,0.86291
0,3.5499,8.6165,-3.2794,-1.20090
0,0.1735,7.8695,0.2688,-3.78830
0,2.4008,9.3593,-3.3565,-3.35260
0,4.8851,1.5995,-0.0003,1.64010
0,4.1927,-3.2674,2.5839,0.21766
0,1.1166,8.6496,-0.9625,-1.81120
0,1.0235,6.9010,-2.0062,-2.71250
0,-1.8030,11.8818,2.0458,-5.27280
0,0.1174,6.2761,-1.5495,-2.47460
0,0.5706,-0.0248,1.2421,-0.56210
0,4.0552,-2.4583,2.2806,1.03230
0,-1.6952,1.0657,8.8294,0.94955
0,-1.1193,10.7271,2.0938,-5.65040
0,1.8799,2.4707,2.4931,0.37671
0,3.5830,-3.7971,3.4391,-0.12501
0,0.1908,9.1297,-3.7250,-5.82240
0,3.6582,5.6864,-1.7157,-0.23751
0,-0.1314,-1.7775,8.3316,0.35214
0,2.3925,9.7980,-3.0361,-2.82240
0,1.6426,3.0149,0.2285,-0.14700
0,-0.1178,-1.5789,8.0300,-0.02803
0,-0.6957,8.6165,1.8419,-4.32890
0,2.9421,7.4101,-0.9771,-0.88406
0,-1.7559,11.9459,3.0946,-4.89780
0,-1.2537,10.8803,1.9310,-4.32370
0,3.2585,-4.4614,3.8024,-0.15087
0,1.8314,6.3672,-0.0363,0.04955
0,4.5645,-3.6275,2.8684,0.27714
0,2.7365,-5.0325,6.6608,-0.57889
0,0.9297,-3.7971,4.6429,-0.29570
0,3.9663,10.1684,-4.1131,-4.60560
0,1.4578,-0.0849,4.1785,0.59136
0,4.8272,3.0687,0.6860,0.80731
0,-2.3410,12.3784,0.7040,-7.58360
0,-1.8584,7.8860,-1.6643,-1.83840
0,4.1454,7.2570,-1.9153,-0.86078
0,1.9157,6.0816,0.2371,-2.01160
0,4.0215,-2.1914,2.4648,1.14090
0,5.8862,5.8747,-2.8167,-0.30087
0,-2.0897,10.8265,2.3603,-3.41980
0,4.0026,-3.5943,3.5573,0.26809
0,-0.7869,9.5663,-3.7867,-7.50340
0,4.1757,10.2615,-3.8552,-4.30560
0,0.8329,7.5404,0.6501,-0.92544
0,4.8077,2.2327,-0.2633,1.55340
0,5.3063,5.2684,-2.8904,-0.52716
0,2.5605,9.2683,-3.5913,-1.35600
0,2.1059,7.6046,-0.4776,-1.84610
0,2.1721,-0.7387,5.4672,-0.72371
0,4.2899,9.1814,-4.6067,-4.32630
0,3.5156,10.1891,-4.2759,-4.97800
0,2.6140,8.0081,-3.7258,-1.30690
0,0.6809,2.3259,4.9085,0.54998
0,4.1962,0.7449,0.8326,0.75300
0,6.0919,2.9673,-1.3267,1.45510
0,1.3234,3.2964,0.2362,-0.11984
0,1.3264,1.0326,5.6566,-0.41337
0,-0.1674,7.6274,1.2061,-3.62410
0,-1.3000,10.2678,-2.9530,-5.86380
0,-2.2261,12.5398,2.9438,-3.52580
0,2.4196,6.4665,-0.7569,0.22800
0,1.0987,0.6394,5.9890,-0.58277
0,4.6464,10.5326,-4.5852,-4.20600
0,-0.3604,4.1158,3.1143,-0.37199
0,1.3562,3.2136,4.3465,0.78662
0,0.5706,-0.0248,1.2421,-0.56210
0,-2.6479,10.1374,-1.3310,-5.47070
0,3.1219,-3.1370,1.9259,-0.37458
0,5.4944,1.5478,0.0417,1.92840
0,-1.3389,1.5520,7.0806,1.03100
0,-2.3361,11.9604,3.0835,-5.44350
0,2.2596,-0.0331,4.7355,-0.27760
0,0.4690,-0.6332,7.3848,0.36507
0,2.7296,2.8701,0.5112,0.50990
0,2.0466,2.0300,2.1761,-0.08363
0,-1.3274,9.4980,2.4408,-5.26890
0,3.8905,-2.1521,2.6302,1.10470
0,3.9994,0.9043,1.1693,1.68920
0,2.3952,9.5083,-3.1783,-3.00860
0,3.2704,6.9321,-1.0456,0.23447
0,-1.3931,1.5664,7.5382,0.78403
0,1.6406,3.5488,1.3964,-0.36424
0,2.7744,6.8576,-1.0671,0.07542
0,2.4287,9.3821,-3.2477,-1.45430
0,4.2134,-2.8060,2.0116,0.67412
0,1.6472,0.4821,4.7449,1.22500
0,2.0597,-0.9933,5.2119,-0.29312
0,0.3798,0.7098,0.7572,-0.44440
0,1.0135,8.4551,-1.6720,-2.08150
0,4.5691,-4.4552,3.1769,0.00430
0,0.5746,10.1105,-1.6917,-4.39220
0,0.5734,9.1938,-0.9094,-1.87200
0,5.2868,3.2570,-1.3721,1.16680
0,4.0102,10.6568,-4.1388,-5.06460
0,4.1425,-3.6792,3.8281,1.62970
0,3.0934,-2.9177,2.2232,0.22283
0,2.2034,5.9947,0.5301,0.84998
0,3.7440,0.7946,0.9585,1.00770
0,3.0329,2.2948,2.1135,0.35084
0,3.7731,7.2073,-1.6814,-0.94742
0,3.1557,2.8908,0.5969,0.79825
0,1.8114,7.6067,-0.9788,-2.46680
0,4.9880,7.2052,-3.2846,-1.16080
0,2.4830,6.6155,-0.7929,-0.90863
0,1.5940,4.7055,1.3758,0.08188
0,-0.0161,9.7484,0.1539,-1.61340
0,3.8496,9.7939,-4.1508,-4.45820
0,0.9297,-3.7971,4.6429,-0.29570
0,4.9342,2.4107,-0.1759,1.62450
0,3.8417,10.0215,-4.2699,-4.91590
0,5.3915,9.9946,-3.8081,-3.36420
0,4.4072,-0.0704,2.0416,1.13190
0,2.6946,6.7976,-0.4030,0.44912
0,5.2756,0.1386,0.1214,1.14350
0,3.4312,6.2637,-1.9513,-0.36165
0,4.0520,-0.1656,0.4538,0.51248
0,1.3638,-4.7759,8.4182,-1.88360
0,0.8957,7.7763,-2.7473,-1.93530
0,1.9265,7.7557,-0.1682,-3.07710
0,0.2098,-0.4615,7.7267,0.90946
0,4.0680,-2.9363,2.1992,0.50084
0,2.8770,-4.0599,3.6259,-0.32544
0,0.3223,-0.8981,8.0883,0.69222
0,-1.3000,10.2678,-2.9530,-5.86380
0,1.7747,-6.4334,8.1500,-0.89828
0,1.3419,-4.4221,8.0900,-1.73490
0,0.8961,10.5471,-1.4175,-4.03270
0,0.4413,2.9487,4.3225,0.71550
0,3.2422,6.2265,0.1222,-1.44660
0,2.5678,3.5136,0.6141,-0.40691
0,-2.2153,11.9625,0.0785,-7.78530
0,4.1349,6.1189,-2.4294,-0.19613
0,1.9340,0.0000,4.8160,-0.33967
0,2.5068,1.1588,3.9249,0.12585
0,2.1464,6.0795,-0.5778,-2.23020
0,0.0520,7.0521,-2.0541,-3.15080
0,1.2706,8.0350,-0.1965,-2.18880
0,1.1430,0.8339,5.4552,-0.56984
0,2.2928,9.0386,-3.2417,-1.29910
0,0.3292,-4.4552,4.5718,-0.98880
0,2.9719,6.8369,-0.2702,0.71291
0,1.6849,8.7489,-1.2641,-1.38580
0,-1.9177,11.6894,2.5454,-3.27630
0,2.3729,10.4726,-3.0087,-3.20130
0,1.0284,9.7670,-1.3687,-1.78530
0,0.2745,9.2186,-3.2863,-4.84480
0,1.6032,-4.7863,8.5193,-2.12030
0,4.6160,10.1788,-4.2185,-4.42450
0,4.2478,7.6956,-2.7696,-1.07670
0,4.0215,-2.7004,2.4957,0.36636
0,5.0297,-4.9704,3.5025,-0.23751
0,1.5902,2.2948,3.2403,0.18404
0,2.1274,5.1939,-1.7971,-1.17630
0,1.1811,8.3847,-2.0567,-0.90345
0,0.3292,-4.4552,4.5718,-0.98880
0,5.7353,5.2808,-2.2598,0.07542
0,2.6718,5.6574,0.7297,-1.48920
0,1.5799,-4.7076,7.9186,-1.54870
0,2.9499,2.2493,1.3458,-0.03708
0,0.5195,-3.2633,3.0895,-0.98490
0,3.7352,9.5911,-3.9032,-3.34870
0,-1.7344,2.0175,7.7618,0.93532
0,3.8840,10.0277,-3.9298,-4.08190
0,3.5257,1.2829,1.9276,1.79910
0,4.4549,2.4976,1.0313,0.96894
0,-0.1611,-6.4624,8.3573,-1.52160
0,4.2164,9.4607,-4.9288,-5.23660
0,3.5152,6.8224,-0.6738,-0.46898
0,1.6988,2.9094,2.9044,0.11033
0,1.0607,2.4542,2.5188,-0.17027
0,2.0421,1.2436,4.2171,0.90429
0,3.5594,1.3078,1.2910,1.65560
0,3.0009,5.8126,-2.2306,-0.66553
0,3.9294,1.4112,1.8076,0.89782
0,3.4667,-4.0724,4.2882,1.54180
0,3.9660,3.9213,0.7057,0.33662
0,1.0191,2.3300,4.9334,0.82929
0,0.9641,5.6160,2.2138,-0.12501
0,1.8205,6.7562,0.0100,0.39481
0,4.9923,7.8653,-2.3515,-0.71984
0,-1.1804,11.5093,0.1557,-6.81940
0,4.0329,0.2318,0.8908,1.18230
0,0.6602,10.3878,-1.4029,-3.91510
0,3.5982,7.1307,-1.3035,0.21248
0,-1.8584,7.8860,-1.6643,-1.83840
0,4.0972,0.4697,1.6671,0.91593
0,3.3299,0.9125,1.5806,0.39352
0,3.1088,3.1122,0.8086,0.43360
0,-4.2859,8.5234,3.1392,-0.91639
0,-1.2528,10.2036,2.1787,-5.60380
0,0.5195,-3.2633,3.0895,-0.98490
0,0.3292,-4.4552,4.5718,-0.98880
0,0.8887,5.3449,2.0450,-0.19355
0,3.5458,9.3718,-4.0351,-3.95640
0,-0.2166,8.0329,1.8848,-3.88530
0,2.7206,9.0821,-3.3111,-0.96811
0,3.2051,8.6889,-2.9033,-0.78190
0,2.6917,10.8161,-3.3000,-4.28880
0,-2.3242,11.5176,1.8231,-5.37500
0,2.7161,-4.2006,4.1914,0.16981
0,3.3848,3.2674,0.9097,0.25128
0,1.7452,4.8028,2.0878,0.62627
0,2.8050,0.5773,1.3424,1.21330
0,5.7823,5.5788,-2.4089,-0.05648
0,3.8999,1.7340,1.6011,0.96765
0,3.5189,6.3320,-1.7791,-0.02027
0,3.2294,7.7391,-0.3782,-2.54050
0,3.4985,3.1639,0.2268,-0.16510
0,2.1948,1.3781,1.1582,0.85774
0,2.2526,9.9636,-3.1749,-2.99440
0,4.1529,-3.9358,2.8633,-0.01769
0,0.7431,11.1700,-1.3824,-4.07280
0,1.9105,8.8710,-2.3386,-0.75604
0,-1.5055,0.0703,6.8681,-0.50648
0,0.5884,10.7727,-1.3884,-4.32760
0,3.2303,7.8384,-3.5348,-1.21510
0,-1.9922,11.6542,2.6542,-5.21070
0,2.8523,9.0096,-3.7610,-3.33710
0,4.2772,2.4955,0.4855,0.36119
0,1.5099,0.0393,6.2332,-0.30346
0,5.4188,10.1457,-4.0840,-3.69910
0,0.8620,2.6963,4.2908,0.54739
0,3.8117,10.1457,-4.0463,-4.56290
0,0.5478,10.3754,-1.5435,-4.16330
0,2.3718,7.4908,0.0160,-1.74140
0,-2.4953,11.1472,1.9353,-3.46380
0,4.6361,-2.6611,2.8358,1.19910
0,-2.2527,11.5321,2.5899,-3.27370
0,3.7982,10.4230,-4.1602,-4.97280
0,-0.3628,8.2895,-1.9213,-3.33320
0,2.1265,6.8783,0.4478,-2.22240
0,0.8674,5.5643,1.6765,-0.16769
0,3.7831,10.0526,-3.8869,-3.73660
0,-2.2623,12.1177,0.2885,-7.75810
0,1.2616,4.4303,-1.3335,-1.75170
0,2.6799,3.1349,0.3407,0.58489
0,-0.3982,5.9781,1.3912,-1.16210
0,4.3937,0.3580,2.0416,1.20040
0,2.9695,5.6222,0.2756,-1.15560
0,1.3049,-0.1552,6.4911,-0.75346
0,2.2123,-5.8395,7.7687,-0.85302
0,1.9647,6.9383,0.5772,0.66377
0,3.0864,-2.5845,2.2309,0.30947
0,0.3798,0.7098,0.7572,-0.44440
0,0.5898,7.4266,1.2353,-2.95950
0,0.1478,7.9460,1.0742,-3.34090
0,-0.0620,6.1975,1.0990,-1.13100
0,4.2230,1.1319,0.7220,0.96118
0,0.6430,7.1018,0.3493,-0.41337
0,1.9410,0.4635,4.6472,1.08790
0,4.0047,0.4594,1.3621,1.61810
0,3.7767,9.7794,-3.9075,-3.53230
0,3.4769,-0.1531,2.5300,2.44950
0,1.9818,9.2621,-3.5210,-1.87200
0,3.8023,-3.8696,4.0440,0.95343
0,4.3483,11.1079,-4.0857,-4.25390
0,1.1518,1.3864,5.2727,-0.43536
0,-1.2576,1.5892,7.0078,0.42455
0,1.9572,-5.1153,8.6127,-1.42970
0,-2.4840,12.1611,2.8204,-3.74180
0,-1.1497,1.2954,7.7010,0.62627
0,4.8368,10.0132,-4.3239,-4.32760
0,-0.1220,8.8068,0.9457,-4.22670
0,1.9429,6.3961,0.0922,0.58102
0,1.7420,-4.8090,8.2142,-2.06590
0,-1.5222,10.8409,2.7827,-4.09740
0,-1.3000,10.2678,-2.9530,-5.86380
0,3.4246,-0.1469,0.8034,0.29136
0,2.5503,-4.9518,6.3729,-0.41596
0,1.5691,6.3465,-0.1828,-2.40990
0,1.3087,4.9228,2.0013,0.22024
0,5.1776,8.2316,-3.2511,-1.56940
0,2.2290,9.6325,-3.1123,-2.71640
0,5.6272,10.0857,-4.2931,-3.81420
0,1.2138,8.7986,-2.1672,-0.74182
0,0.3798,0.7098,0.7572,-0.44440
0,0.5415,6.0319,1.6825,-0.46122
0,4.0524,5.6802,-1.9693,0.02628
0,4.7285,2.1065,-0.2831,1.56250
0,3.4359,0.6622,2.1041,1.89220
0,0.8682,10.2429,-1.4912,-4.00820
0,3.3590,9.8022,-3.8209,-3.71330
0,3.6702,2.9942,0.8514,0.30688
0,1.3349,6.1189,0.4650,0.49826
0,3.1887,-3.4143,2.7742,-0.20260
0,2.4527,2.9653,0.2002,-0.05648
0,3.9121,2.9735,0.9285,0.60558
0,3.9364,10.5885,-3.7250,-4.31330
0,3.9414,-3.2902,3.1674,1.08660
0,3.6922,-3.9585,4.3439,1.35170
0,5.6810,7.7950,-2.6848,-0.92544
0,0.7712,9.0862,-1.2281,-1.49960
0,3.5761,9.7753,-3.9795,-3.46380
0,1.6020,6.1251,0.5292,0.47886
0,2.6682,10.2160,-3.4414,-4.00690
0,2.0007,1.8644,2.6491,0.47369
0,0.6422,3.1287,4.2933,0.64696
0,4.3848,-3.0729,3.0423,1.27410
0,0.7745,9.0552,-2.4089,-1.38840
0,0.9657,8.3930,-1.3610,-1.46590
0,3.0948,8.7324,-2.9007,-0.96682
0,4.9362,7.6046,-2.3429,-0.85302
0,-1.9458,11.2217,1.9079,-3.44050
0,5.7403,-0.4428,0.3802,1.37630
0,-2.6989,12.1984,0.6766,-8.54820
0,1.1472,3.5985,1.9387,-0.43406
0,2.9742,8.9600,-2.9024,-1.03790
0,4.5707,7.2094,-3.2794,-1.49440
0,0.1848,6.5079,2.0133,-0.87242
0,0.8726,9.2931,-0.7843,-2.19780
0,0.3956,6.8866,1.0588,-0.67587
0,3.8384,6.1851,-2.0439,-0.03320
0,2.8209,7.3108,-0.8186,-1.87840
0,2.5817,9.7546,-3.1749,-2.99570
0,3.8213,0.2318,2.0133,2.05640
0,0.3798,0.7098,0.7572,-0.44440
0,3.4893,6.6900,-1.2042,-0.38751
0,-1.7781,0.8546,7.1303,0.02757
0,2.0962,2.4769,1.9379,-0.04096
0,0.9473,-0.5711,7.1903,-0.67587
0,2.8261,9.4007,-3.3034,-1.05090
0,0.0071,8.3661,0.5078,-3.81550
0,0.9679,7.1907,1.2798,-2.45650
0,4.7432,2.1086,0.1368,1.65430
0,3.6575,7.2797,-2.2692,-1.14400
0,3.8832,6.4023,-2.4320,-0.98363
0,3.4776,8.8110,-3.1886,-0.92285
0,1.1315,7.9212,1.0930,-2.84440
0,2.8237,2.8597,0.1968,0.57196
0,1.9321,6.0423,0.2602,-2.05300
0,3.0632,-3.3315,5.1305,0.82670
0,-1.8411,10.8306,2.7690,-3.09010
0,2.8084,11.3045,-3.3394,-4.41940
0,2.5698,-4.4076,5.9856,0.07800
0,-0.1262,10.3216,-3.7121,-6.11850
0,3.3756,-4.0951,4.3670,1.06980
0,-0.0480,-1.6037,8.4756,0.75558
0,0.5706,-0.0248,1.2421,-0.56210
0,0.8844,6.5906,0.5584,-0.44182
0,3.8644,3.7061,0.7040,0.35214
0,1.2999,2.5762,2.0107,-0.18967
0,2.0051,-6.8638,8.1320,-0.24010
0,4.9294,0.2773,0.2079,0.33662
0,2.8297,6.3485,-0.7355,-0.58665
0,2.5650,8.6330,-2.9941,-1.30820
0,2.0930,8.3061,0.0228,-3.27240
0,4.6014,5.6264,-2.1235,0.19309
0,5.0617,-0.3580,0.4470,0.99868
0,-0.2951,9.0489,-0.5273,-2.07890
0,3.5770,2.4004,1.8908,0.73231
0,3.9433,2.5017,1.5215,0.90300
0,2.6648,10.7540,-3.3994,-4.16850
0,5.9374,6.1664,-2.5905,-0.36553
0,2.0153,1.8479,3.1375,0.42843
0,5.8782,5.9409,-2.8544,-0.60863
0,-2.3983,12.6060,2.9464,-5.78880
0,1.7620,4.3682,2.1384,0.75429
0,4.2406,-2.4852,1.6080,0.71550
0,3.4669,6.8700,-1.0568,-0.73147
0,3.1896,5.7526,-0.1854,-0.30087
0,0.8136,9.1566,-2.1492,-4.18140
0,0.5286,0.9643,4.0243,-1.04830
0,2.1319,-2.0403,2.5574,-0.06165
0,0.3311,4.5731,2.0570,-0.18967
0,1.2746,8.8172,-1.5323,-1.79570
0,2.2091,7.4556,-1.3284,-3.30210
0,2.5328,7.5280,-0.4193,-2.64780
0,3.6244,1.4609,1.3501,1.92840
0,-1.3885,12.5026,0.6912,-7.54870
0,5.7227,5.8312,-2.4097,-0.24527
0,3.3583,10.3567,-3.7301,-3.69910
0,2.5227,2.2369,2.7236,0.79438
0,0.0453,6.7334,1.0708,-0.93320
0,4.8278,7.7598,-2.4491,-1.22160
0,1.9476,-4.7738,8.5270,-1.86680
0,2.7659,0.6622,4.1494,-0.28406
0,-0.1065,-0.7677,7.7575,0.64179
0,0.7225,-0.0538,5.6703,-1.35090
0,4.2475,1.4816,-0.4836,0.95343
0,3.9772,0.3352,2.2566,2.16250
0,3.6667,4.3020,0.5592,0.33791
0,2.8232,10.8513,-3.1466,-3.97840
0,-1.4217,11.6542,-0.0577,-7.10250
0,4.2458,1.1981,0.6663,0.94696
0,4.1038,-4.8069,3.3491,-0.49225
0,1.4507,8.7903,-2.2324,-0.65259
0,3.4647,-3.9172,3.9746,0.36119
0,1.8533,6.1458,1.0176,-2.04010
0,3.5288,0.7160,1.9507,1.93750
0,3.9719,1.0367,0.7597,1.00130
0,3.5340,9.3614,-3.6316,-1.24610
0,3.6894,9.8870,-4.0788,-4.36640
0,3.0672,-4.4117,3.8238,-0.81682
0,2.6463,-4.8152,6.3549,0.00300
0,2.2893,3.7330,0.6312,-0.39786
0,1.5673,7.9274,-0.0568,-2.16940
0,4.0405,0.5152,1.0279,1.10600
0,4.3846,-4.8794,3.3662,-0.02932
0,2.0165,-0.2525,5.1707,1.07630
0,4.0446,11.1741,-4.3582,-4.74010
0,-0.3373,-0.6498,7.6659,0.72326
0,-2.4604,12.7302,0.9174,-7.64180
0,4.1195,10.9258,-3.8929,-4.18020
0,2.0193,0.8236,4.6369,1.42020
0,1.5701,7.9129,0.2902,-2.19530
0,2.6415,7.5860,-0.2856,-1.66770
0,5.0214,8.0764,-3.0515,-1.71550
0,4.3435,3.3295,0.8360,0.64955
0,1.8238,-6.7748,8.3873,-0.54139
0,3.9382,0.9291,0.7854,0.67670
0,2.2517,-5.1422,4.2916,-1.24870
0,5.5040,10.3671,-4.4130,-4.02110
0,2.8521,9.1710,-3.6461,-1.20470
0,1.1676,9.1566,-2.0867,-0.80647
0,2.6104,8.0081,-0.2359,-1.76080
0,0.3244,10.0670,-1.1982,-4.12840
0,3.8962,-4.7904,3.3954,-0.53751
0,2.1752,-0.8091,5.1022,-0.67975
0,1.1588,8.9331,-2.0807,-1.12720
0,4.7072,8.2957,-2.5605,-1.49050
0,-1.9667,11.8052,-0.4047,-7.87190
0,4.0552,0.4014,1.4563,0.65343
0,2.3678,-6.8390,8.4207,-0.44829
0,0.3357,6.8369,0.6972,-0.55691
0,4.3398,-5.3036,3.8803,-0.70432
0,1.5456,8.5482,0.4187,-2.17840
0,1.4276,8.3847,-2.0995,-1.96770
0,-0.2780,8.1881,-3.1338,-2.52760
0,0.9361,8.6413,-1.6351,-1.30430
0,4.6352,-3.0087,2.6773,1.21200
0,1.5268,-5.5871,8.6564,-1.72200
0,0.9563,2.4728,4.4578,0.21636
0,-2.7914,1.7734,6.7756,-0.39915
0,5.2032,3.5116,-1.2538,1.01290
0,3.1836,7.2321,-1.0713,-2.59090
0,0.6550,5.1815,1.0673,-0.42113
0,5.6084,10.3009,-4.8003,-4.35340
0,1.1050,7.4432,0.4110,-3.03320
0,3.9292,-2.9156,2.2129,0.30817
0,1.1558,6.4003,1.5506,0.69610
0,2.5581,2.6218,1.8513,0.40257
0,2.7831,10.9796,-3.5570,-4.40390
0,3.7635,2.7811,0.6612,0.34179
0,-2.6479,10.1374,-1.3310,-5.47070
0,1.0652,8.3682,-1.4004,-1.65090
0,-1.4275,11.8797,0.4161,-6.99780
0,5.7456,10.1808,-4.7857,-4.33660
0,5.0860,3.2798,-1.2701,1.11890
0,3.4092,5.4049,-2.5228,-0.89958
0,-0.2361,9.3221,2.1307,-4.37930
0,3.8197,8.9951,-4.3830,-4.03270
0,-1.1391,1.8127,6.9144,0.70127
0,4.9249,0.6891,0.7734,1.20950
0,2.5089,6.8410,-0.0294,0.44912
0,-0.2062,9.2207,-3.7044,-6.81030
0,3.9460,6.8514,-1.5443,-0.55820
0,-0.2780,8.1881,-3.1338,-2.52760
0,1.8592,3.2074,-0.1597,-0.26208
0,0.5695,7.6294,1.5754,-3.22330
0,3.4626,-4.4490,3.5427,0.15429
0,3.3951,1.1484,2.1401,2.08620
0,5.0429,-0.5297,0.5044,1.10600
0,3.7758,7.1783,-1.5195,0.40128
0,4.6562,7.6398,-2.4243,-1.23840
0,4.0948,-2.9674,2.3689,0.75429
0,1.8384,6.0630,0.5472,0.51248
0,2.0153,0.4366,4.5864,-0.31510
0,3.5251,0.7201,1.6928,0.64438
0,3.7570,-5.4236,3.8255,-1.25260
0,2.5989,3.5178,0.7623,0.81119
0,1.8994,0.9746,4.2265,0.81377
0,3.6941,-3.9482,4.2625,1.15770
0,4.4295,-2.3507,1.7048,0.90946
0,6.8248,5.2187,-2.5425,0.54610
0,1.8967,-2.5163,2.8093,-0.79742
0,2.1526,-6.1665,8.0831,-0.34355
0,3.3004,7.0811,-1.3258,0.22283
0,2.7213,7.0500,-0.5881,0.41809
0,3.8846,-3.0336,2.5334,0.20214
0,4.1665,-0.4449,0.2345,0.27843
0,0.9423,5.8561,1.8762,-0.32544
0,5.1321,-0.0310,0.3262,1.11510
0,0.3825,6.8121,1.8128,-0.61251
0,3.0333,-2.5928,2.3183,0.30300
0,2.9233,6.0464,-0.1117,-0.58665
0,1.1620,10.2926,-1.2821,-4.03920
0,3.7791,2.5762,1.3098,0.56550
0,0.7777,5.9781,1.1941,-0.35260
0,-0.3839,-1.0471,8.0514,0.49567
0,0.2108,9.4359,-0.0945,-1.85900
0,2.9571,-4.5938,5.9068,0.57196
0,4.6439,-3.3729,2.5976,0.55257
0,3.3577,-4.3062,6.0241,0.18274
0,3.5127,2.9073,1.0579,0.40774
0,2.6562,10.7044,-3.3085,-4.07670
0,-1.3612,10.6940,1.7022,-2.90260
0,-0.2780,8.1881,-3.1338,-2.52760
0,1.0400,-6.9321,8.2888,-1.29910
0,2.1881,2.7356,1.3278,-0.18320
0,4.2756,-2.6528,2.1375,0.94437
0,-0.1200,6.8741,0.9200,-0.66940
0,2.9736,8.7944,-3.6359,-1.37540
0,3.7798,-3.3109,2.6491,0.06637
0,5.3586,3.7557,-1.7345,1.07890
0,1.8373,6.1292,0.8403,0.55257
0,1.2262,0.8960,5.7568,-0.11596
0,-0.0480,-0.5608,7.7215,0.45300
0,0.5706,-0.0248,1.2421,-0.56208
0,4.3634,0.4635,1.4281,2.02020
0,3.4820,-4.1634,3.5008,-0.07846
0,0.5195,-3.2633,3.0895,-0.98492
0,2.3164,-2.6280,3.1529,-0.08622
0,-1.8348,11.0334,3.1863,-4.88880
0,1.3754,8.8793,-1.9136,-0.53751
0,-0.1668,5.8974,0.4984,-0.70044
0,0.2996,7.1328,-0.3148,-1.18280
0,0.2504,9.3262,-3.6873,-6.25430
0,2.4673,1.3926,1.7125,0.41421
0,0.7781,6.6424,-1.1425,-1.05730
0,3.4465,2.9508,1.0271,0.54610
0,2.2429,-4.1427,5.2333,-0.40173
0,3.7321,-3.8840,3.3577,-0.00605
0,4.3365,-3.5840,3.6884,0.74912
0,-2.0759,10.8223,2.6439,-4.83700
0,4.0715,7.6398,-2.0824,-1.16980
0,0.7616,5.8209,1.1959,-0.64613
0,-0.5397,7.3273,0.4658,-1.45430
0,2.6213,5.7919,0.0657,-1.57590
0,3.0242,-3.3378,2.5865,-0.54785
0,5.8519,5.3905,-2.4037,-0.06165
0,0.5706,-0.0248,1.2421,-0.56210
0,3.9771,11.1513,-3.9272,-4.34440
0,1.5478,9.1814,-1.6326,-1.73750
0,0.7405,0.3663,2.1992,0.48403
0,0.4957,10.2243,-1.0970,-4.01590
0,1.6450,7.8612,-0.8760,-3.55690
0,3.6077,6.8576,-1.1622,0.28231
0,3.2403,-3.7082,5.2804,0.41291
0,3.9166,10.2491,-4.0926,-4.46590
0,3.9262,6.0299,-2.0156,-0.06553
0,5.5910,10.4643,-4.3839,-4.33790
0,3.7522,-3.6978,3.9943,1.30510
0,1.3114,4.5462,2.2935,0.22541
0,3.7022,6.9942,-1.8511,-0.12889
0,4.3640,-3.1039,2.3757,0.78532
0,3.5829,1.4423,1.0219,1.40080
0,4.6500,-4.8297,3.4553,-0.25174
0,5.1731,3.9606,-1.9830,0.40774
0,3.2692,3.4184,0.2071,-0.06682
0,2.4012,1.6223,3.0312,0.71679
0,1.7257,-4.4697,8.2219,-1.80730
0,4.7965,6.9859,-1.9967,-0.35001
0,4.0962,10.1891,-3.9323,-4.18270
0,2.5559,3.3605,2.0321,0.26809
0,3.4916,8.5709,-3.0326,-0.59182
0,0.5195,-3.2633,3.0895,-0.98490
0,2.9856,7.2673,-0.4090,-2.24310
0,4.0932,5.4132,-1.8219,0.23576
0,1.7748,-0.7698,5.5854,1.30390
0,5.2012,0.3269,0.1797,1.17970
0,-0.4506,-1.3678,7.0858,-0.40303
0,4.8451,8.1116,-2.9512,-1.47240
0,0.7484,7.2756,1.1504,-0.53880
0,5.1213,8.5565,-3.3917,-1.54740
0,3.6181,-3.7454,2.8273,-0.71208
0,0.0405,8.5234,1.4461,-3.93060
0,-2.6479,10.1374,-1.3310,-5.47070
0,0.3798,0.7098,0.7572,-0.44441
0,-0.9592,0.0910,6.2204,-1.48280
0,2.8672,10.0008,-3.2049,-3.10950
0,1.0182,9.1090,-0.6206,-1.71290
0,-2.7143,11.4535,2.1092,-3.96290
0,3.8244,-3.1081,2.4537,0.52024
0,2.7961,2.1210,1.8385,0.38317
0,3.5358,6.7086,-0.8186,0.47886
0,-0.7056,8.7241,2.2215,-4.59650
0,4.1542,7.2756,-2.4766,-1.20990
0,0.9270,9.4318,-0.6626,-1.67280
0,1.8216,-6.4748,8.0514,-0.41855
0,-2.4473,12.6247,0.7357,-7.66120
0,3.5862,-3.0957,2.8093,0.24481
0,0.6619,9.6594,-0.2882,-1.66380
0,4.7926,1.7071,-0.0517,1.49260
0,4.9852,8.3516,-2.5425,-1.28230
0,0.7574,3.0294,2.9164,-0.06812
0,4.6499,7.6336,-1.9427,-0.37458
0,-0.0236,7.1742,0.7846,-0.75734
0,0.8557,0.0083,6.6042,-0.53104
0,0.8830,0.6601,6.0096,-0.43277
0,4.0422,-4.3910,4.7466,1.13700
0,2.2546,8.0992,-0.2488,-3.26980
0,0.3848,6.5989,-0.3336,-0.56466
0,3.1541,-5.1711,6.5991,0.57455
0,2.3969,0.2359,4.8477,1.43700
0,4.7114,2.0755,-0.2702,1.23790
0,4.0127,10.1477,-3.9366,-4.07280
0,2.6606,3.1681,1.9619,0.18662
0,3.9310,1.8541,-0.0234,1.23140
0,0.0173,8.6930,1.3989,-3.96680
0,3.2414,0.4097,1.4015,1.19520
0,2.2504,3.5757,0.3527,0.28360
1,-1.3971,3.3191,-1.3927,-1.99480
1,0.3901,-0.1428,-0.0320,0.35084
1,-1.6677,-7.1535,7.8929,0.96765
1,-3.8483,-12.8047,15.6824,-1.28100
1,-3.5681,-8.2130,10.0830,0.96765
1,-2.2804,-0.3063,1.3347,1.37630
1,-1.7582,2.7397,-2.5323,-2.23400
1,-0.8941,3.1991,-1.8219,-2.94520
1,0.3434,0.1242,-0.2873,0.14654
1,-0.9854,-6.6610,5.8245,0.54610
1,-2.4115,-9.1359,9.3444,-0.65259
1,-1.5252,-6.2534,5.3524,0.59912
1,-0.6144,-0.0911,-0.3182,0.50214
1,-0.3651,2.8928,-3.6461,-3.06030
1,-5.9034,6.5679,0.6766,-6.67970
1,-1.8215,2.7521,-0.7226,-2.35300
1,-0.7746,-1.8768,2.4023,1.13190
1,-1.8187,-9.0366,9.0162,-0.12243
1,-3.5801,-12.9309,13.1779,-2.56770
1,-1.8219,-6.8824,5.4681,0.05731
1,-0.3481,-0.3870,-0.4784,0.62627
1,0.4737,3.3605,-4.5064,-4.04310
1,-3.4083,4.8587,-0.7689,-4.86680
1,-1.6662,-0.3001,1.4238,0.02499
1,-2.0962,-7.1059,6.6188,-0.33708
1,-2.6685,-10.4519,9.1139,-1.73230
1,-0.4747,-4.3496,1.9901,0.75170
1,1.0552,1.1857,-2.6411,0.11033
1,1.1644,3.8095,-4.9408,-4.09090
1,-4.4779,7.3708,-0.3122,-6.77540
1,-2.7338,0.4552,2.4391,0.21766
1,-2.2860,-5.4484,5.8039,0.88231
1,-1.6244,-6.3444,4.6575,0.16981
1,0.5081,0.4780,-1.9804,0.57714
1,1.6408,4.2503,-4.9023,-2.66210
1,0.8158,4.8400,-5.2613,-6.08230
1,-5.4901,9.1048,-0.3876,-5.97630
1,-3.2238,2.7935,0.3227,-0.86078
1,-2.0631,-1.5147,1.2190,0.44524
1,-0.9132,-2.0113,-0.1957,0.06637
1,0.6005,1.9327,-3.2888,-0.32415
1,0.9132,3.3377,-4.0557,-1.67410
1,-0.2802,3.0729,-3.3857,-2.91550
1,-3.6085,3.3253,-0.5195,-3.57370
1,-6.2003,8.6806,0.0091,-3.70300
1,-4.2932,3.3419,0.7726,-0.99785
1,-3.0265,-0.0621,0.6860,-0.05519
1,-1.7015,-0.0104,-0.9934,-0.53104
1,-0.6433,2.4748,-2.9452,-1.02760
1,-0.8634,1.9348,-2.3729,-1.08970
1,-2.0659,1.0512,-0.4630,-1.09740
1,-2.1333,1.5685,-0.0843,-1.74530
1,-1.2568,-1.4733,2.8718,0.44653
1,-3.1128,-6.8410,10.7402,-1.01720
1,-4.8554,-5.9037,10.9818,-0.82199
1,-2.5880,3.8654,-0.3336,-1.27970
1,0.2439,1.4733,-1.4192,-0.58535
1,-1.5322,-5.0966,6.6779,0.17498
1,-4.0025,-13.4979,17.6772,-3.32020
1,-4.0173,-8.3123,12.4547,-1.43750
1,-3.0731,-0.5318,2.3877,0.77627
1,-1.9790,3.2301,-1.3575,-2.58190
1,-0.4294,-0.1469,0.0443,-0.15605
1,-2.2340,-7.0314,7.4936,0.61334
1,-4.2110,-12.4736,14.9704,-1.38840
1,-3.8073,-8.0971,10.1772,0.65084
1,-2.5912,-0.1055,1.2798,1.04140
1,-2.2482,3.0915,-2.3969,-2.67110
1,-1.4427,3.2922,-1.9702,-3.43920
1,-0.3942,-0.0207,-0.0663,-0.44699
1,-1.5220,-6.6383,5.7491,-0.10691
1,-2.8267,-9.0407,9.0694,-0.98233
1,-1.7263,-6.0237,5.2419,0.29524
1,-0.9426,0.0393,-0.2419,0.31593
1,-0.8957,3.0025,-3.6067,-3.44570
1,-6.2815,6.6651,0.5258,-7.01070
1,-2.3211,3.1660,-1.0002,-2.71510
1,-1.3414,-2.0776,2.8093,0.60688
1,-2.2580,-9.3263,9.3727,-0.85949
1,-3.8858,-12.8461,12.7957,-3.13530
1,-1.8969,-6.7893,5.2761,-0.32544
1,-0.5265,-0.2483,-0.4561,0.41938
1,0.0097,3.5612,-4.4070,-4.41030
1,-3.8826,4.8980,-0.9231,-5.08010
1,-2.1405,-0.1676,1.3210,-0.20906
1,-2.4824,-7.3046,6.8390,-0.59053
1,-2.9098,-10.0712,8.4156,-1.99480
1,-0.6098,-4.0020,1.8471,0.60170
1,0.8363,1.1071,-2.4706,-0.06295
1,0.6073,3.9544,-4.7720,-4.48530
1,-4.8861,7.0542,-0.1725,-6.95900
1,-3.1366,0.4221,2.6225,-0.06424
1,-2.5754,-5.6574,6.1030,0.65214
1,-1.8782,-6.5865,4.8486,-0.02157
1,0.2426,0.5732,-1.9402,0.44007
1,1.2960,4.2855,-4.8457,-2.90130
1,0.2594,5.0097,-5.0394,-6.38620
1,-5.8730,9.1752,-0.2745,-6.04220
1,-3.4605,2.6901,0.1617,-1.02240
1,-2.3797,-1.4402,1.1273,0.16076
1,-1.2424,-1.7175,-0.5255,-0.21036
1,0.2022,1.9182,-3.2828,-0.61768
1,0.5982,3.5012,-3.9795,-1.78410
1,-0.7800,3.2322,-3.2820,-3.10040
1,-4.1409,3.4619,-0.4784,-3.88790
1,-6.5084,8.7696,0.2319,-3.93700
1,-4.4996,3.4288,0.5627,-1.16720
1,-3.3125,0.1014,0.5532,-0.29570
1,-1.9423,0.3766,-1.2898,-0.82458
1,-0.7579,2.5349,-3.0464,-1.26290
1,-0.9540,1.9824,-2.3163,-1.19570
1,-2.2173,1.4671,-0.7269,-1.17240
1,-2.7990,1.9679,-0.4236,-2.11250
1,-1.8629,-0.8484,2.5377,0.09740
1,-3.5916,-6.2285,10.2389,-1.15430
1,-5.1216,-5.3118,10.3846,-1.06120
1,-3.2854,4.0372,-0.4536,-1.82280
1,-0.5688,1.4174,-1.4252,-1.12460
1,-2.3518,-4.8359,6.6479,-0.06036
1,-4.4861,-13.2889,17.3087,-3.21940
1,-4.3876,-7.7267,11.9655,-1.45430
1,-3.3604,-0.3270,2.1324,0.60170
1,-1.0112,2.9984,-1.1664,-1.61850
1,0.0302,-1.0512,1.4024,0.77369
1,-1.6514,-8.4985,9.1122,1.23790
1,-3.2692,-12.7406,15.5573,-0.14182
1,-2.5701,-6.8452,8.9999,2.13530
1,-1.3066,0.2524,0.7623,1.77580
1,-1.6637,3.2881,-2.2701,-2.22240
1,-0.5501,2.8659,-1.6488,-2.43190
1,0.2143,-0.6953,0.8771,0.29653
1,-0.7729,-7.4473,6.4920,0.36119
1,-1.8391,-9.0883,9.2416,-0.10432
1,-0.6330,-5.1277,4.5624,1.47970
1,0.0041,0.6291,-0.6412,0.75817
1,-0.2870,3.1784,-3.5767,-3.18960
1,-5.2406,6.6258,-0.1991,-6.86070
1,-1.4446,2.1438,-0.4724,-1.66770
1,-0.6577,-2.8018,3.7115,0.99739
1,-1.5449,-10.1498,9.6152,-1.23320
1,-2.8957,-12.0205,11.9149,-2.75520
1,-0.8148,-5.7381,4.3919,0.32110
1,0.5023,0.6539,-1.1793,0.39998
1,0.7452,3.6357,-4.4044,-4.14140
1,-2.9146,4.0537,-0.4570,-4.03270
1,-1.3907,-1.3781,2.3055,-0.02157
1,-1.7860,-8.1157,7.0858,-1.21120
1,-1.7322,-9.2828,7.7190,-1.71680
1,0.5530,-3.4619,1.7048,1.10080
1,2.0310,1.8520,-3.0121,0.00300
1,1.2279,4.0309,-4.6435,-3.91250
1,-4.2249,6.2699,0.1582,-5.54570
1,-2.5346,-0.7739,3.3602,0.00171
1,-1.7490,-6.3320,6.0987,0.14266
1,-0.5390,-5.1670,3.4399,0.05214
1,1.5631,0.8960,-1.9702,0.65472
1,2.3917,4.5565,-4.9888,-2.89870
1,0.8951,4.7738,-4.8431,-5.59090
1,-5.4808,8.1819,0.2782,-5.03230
1,-2.8833,1.7713,0.6895,-0.46380
1,-1.4174,-2.2535,1.5180,0.61981
1,0.4283,-0.9498,-1.0731,0.32110
1,1.5904,2.2121,-3.1183,-0.11725
1,1.7425,3.6833,-4.0129,-1.72070
1,-0.2336,3.2405,-3.0669,-2.77840
1,-3.6227,3.9958,-0.3585,-3.90470
1,-6.1536,7.9295,0.6166,-3.26460
1,-3.9172,2.6652,0.7889,-0.78190
1,-2.2214,-0.2380,0.5601,0.05602
1,-0.4924,0.8939,-1.6283,-0.56854
1,0.2652,2.4066,-2.8416,-0.59958
1,-0.1023,1.8189,-2.2169,-0.56725
1,-1.6176,1.0926,-0.3550,-0.59958
1,-1.8448,1.2540,0.2722,-1.07280
1,-1.2786,-2.4087,4.5735,0.47627
1,-2.9020,-7.6563,11.8318,-0.84268
1,-4.3773,-5.5167,10.9390,-0.40820
1,-2.0529,3.8385,-0.7954,-1.21380
1,0.1887,0.7015,-0.5118,0.00559
1,-1.7279,-6.8410,8.9494,0.68058
1,-3.3793,-13.7731,17.9274,-2.03230
1,-3.1273,-7.1121,11.3897,-0.08363
1,-2.1210,-0.0559,1.9490,1.35300
1,-1.7697,3.4329,-1.2144,-2.37890
1,-0.0013,0.1386,-0.1965,0.00818
1,-1.6820,-6.8121,7.1398,1.33230
1,-3.4917,-12.1736,14.3689,-0.61639
1,-3.1158,-8.6289,10.4403,0.97153
1,-2.0891,-0.4842,1.7040,1.74350
1,-1.6936,2.7852,-2.1835,-1.92760
1,-1.2846,3.2715,-1.7671,-3.26080
1,-0.0922,0.3932,-0.3285,-0.13794
1,-1.0292,-6.3879,5.5255,0.79955
1,-2.2083,-9.1069,8.9991,-0.28406
1,-1.0744,-6.3113,5.3550,0.80472
1,-0.5100,-0.2359,0.0203,0.76334
1,-0.3637,3.0439,-3.4816,-2.78360
1,-6.3979,6.4479,1.0836,-6.61760
1,-2.2501,3.3129,-0.8837,-2.89740
1,-1.1859,-1.2519,2.2635,0.77239
1,-1.8076,-8.8131,8.7086,-0.21682
1,-3.3863,-12.9889,13.0545,-2.72020
1,-1.4106,-7.1080,5.6454,0.31335
1,-0.2139,-0.6829,0.0965,1.19650
1,0.4880,3.5674,-4.3882,-3.81160
1,-3.8167,5.1401,-0.6506,-5.43060
1,-1.9555,0.2069,1.2473,-0.37070
1,-2.1786,-6.4479,6.0344,-0.20777
1,-2.3299,-9.9532,8.4756,-1.87330
1,0.0031,-4.0061,1.7956,0.91722
1,1.3518,1.0595,-2.3437,0.39998
1,1.2309,3.8923,-4.8277,-4.00690
1,-5.0301,7.5032,-0.1340,-7.50340
1,-3.0799,0.6084,2.7039,-0.23751
1,-2.2987,-5.2270,5.6300,0.91722
1,-1.2390,-6.5410,4.8151,-0.03320
1,0.7590,0.2918,-1.6506,0.83834
1,1.6799,4.2068,-4.5398,-2.39310
1,0.6366,5.2022,-5.2159,-6.12110
1,-6.0598,9.2952,-0.4364,-6.36940
1,-3.5180,2.8763,0.1548,-1.20860
1,-2.0336,-1.4092,1.1582,0.36507
1,-0.6975,-1.7672,-0.3447,-0.12372
1,0.7511,1.9161,-3.1098,-0.20518
1,0.8455,3.4826,-3.6307,-1.39610
1,-0.5565,3.2136,-3.3085,-2.79650
1,-3.6817,3.2239,-0.6935,-3.40040
1,-6.7526,8.8172,-0.0620,-3.72500
1,-4.5770,3.4515,0.6672,-0.94742
1,-2.9883,0.3125,0.4504,0.06895
1,-1.4781,0.1428,-1.1622,-0.48579
1,-0.4665,2.3383,-2.9812,-1.04310
1,-0.8734,1.6533,-2.1964,-0.78061
1,-2.1234,1.1815,-0.5555,-0.81165
1,-2.3142,2.0838,-0.4681,-1.67670
1,-1.4233,-0.9891,2.3586,0.39481
1,-3.0866,-6.6362,10.5405,-0.89182
1,-4.7331,-6.1789,11.3880,-1.07410
1,-2.8829,3.8964,-0.1888,-1.16720
1,-0.0361,1.5250,-1.4089,-0.76121
1,-1.7104,-4.7780,6.2109,0.39740
1,-3.8203,-13.0551,16.9583,-2.30520
1,-3.7181,-8.5089,12.3630,-0.95518
1,-2.8990,-0.6042,2.6045,1.37760
1,-0.9819,2.7956,-1.2341,-1.56680
1,-0.1730,-1.1816,1.3818,0.73360
1,-1.9409,-8.6848,9.1550,0.94049
1,-3.5713,-12.4922,14.8881,-0.47027
1,-2.9915,-6.6258,8.6521,1.81980
1,-1.8483,0.3104,0.7734,1.41890
1,-2.2677,3.2964,-2.2563,-2.46420
1,-0.5082,2.8680,-1.8108,-2.26120
1,0.1433,-1.0885,1.0039,0.48791
1,-0.9078,-7.9026,6.7807,0.34179
1,-2.0042,-9.3676,9.3333,-0.10303
1,-0.9359,-5.1008,4.5367,1.38660
1,-0.4080,0.5421,-0.5273,0.65860
1,-0.8172,3.3812,-3.6684,-3.45600
1,-4.8392,6.6755,-0.2428,-6.57750
1,-1.2792,2.1376,-0.4758,-1.39740
1,-0.6601,-3.2260,3.8058,1.18360
1,-1.7713,-10.7665,10.2184,-1.00430
1,-3.0061,-12.2377,11.9552,-2.16030
1,-1.1022,-5.8395,4.5641,0.68705
1,0.1181,0.3911,-0.9822,0.42843
1,0.1169,3.7350,-4.4379,-4.37410
1,-2.7264,3.9213,-0.4921,-3.63710
1,-1.2369,-1.6906,2.5180,0.51636
1,-1.8439,-8.6475,7.6796,-0.66682
1,-1.8554,-9.6035,7.7764,-0.97716
1,0.1636,-3.3584,1.3749,1.35690
1,1.5077,1.9596,-3.0584,-0.12243
1,0.6789,4.1199,-4.5690,-4.14140
1,-3.9934,5.8333,0.5472,-4.93790
1,-2.3898,-0.7843,3.0141,0.76205
1,-1.7976,-6.7686,6.6753,0.89912
1,-0.7087,-5.5602,4.0483,0.90300
1,1.0194,1.1029,-2.3000,0.59395
1,1.7875,4.7800,-5.1362,-3.23620
1,0.2733,4.8773,-4.9194,-5.81980
1,-5.1661,8.0433,0.0443,-4.49830
1,-2.7028,1.6327,0.8360,-0.09139
1,-1.4904,-2.2183,1.6054,0.89394
1,-0.0149,-1.0243,-0.9402,0.64955
1,0.8899,2.2638,-3.1046,-0.11855
1,1.0637,3.6957,-4.1594,-1.93790
1,-0.8471,3.1329,-3.0112,-2.93880
1,-3.9594,4.0289,-0.3585,-3.89570
1,-5.8818,7.6584,0.5558,-2.91550
1,-3.7747,2.5162,0.8334,-0.30993
1,-2.4198,-0.2442,0.7015,0.41809
1,-0.8354,0.8049,-1.6411,-0.19225
1,-0.3043,2.6528,-2.7756,-0.65647
1,-0.6025,1.7237,-2.1501,-0.77027
1,-2.1059,1.1815,-0.5332,-0.82716
1,-2.0441,1.2271,0.1856,-1.09100
1,-1.5621,-2.2121,4.2591,0.27972
1,-3.2305,-7.2135,11.6433,-0.94613
1,-4.8426,-4.9932,10.4052,-0.53104
1,-2.3147,3.6668,-0.6969,-1.24740
1,-0.1172,0.6042,-0.3859,-0.05907
1,-2.0066,-6.7190,9.0162,0.09999
1,-3.6961,-13.6779,17.5795,-2.61810
1,-3.6012,-6.5389,10.5234,-0.48967
1,-2.6286,0.1800,1.7956,0.97282
1,-0.8260,2.9611,-1.2864,-1.46470
1,0.3180,-0.9933,1.0947,0.88619
1,-1.4454,-8.4385,8.8483,0.96894
1,-3.1423,-13.0365,15.6773,-0.66165
1,-2.5373,-6.9590,8.8054,1.52890
1,-1.3660,0.1842,0.9054,1.58060
1,-1.7064,3.3088,-2.2829,-2.19780
1,-0.4197,2.9094,-1.7859,-2.20690
1,0.3764,-0.8236,0.7854,0.74524
1,-0.5536,-7.9233,6.7156,0.74394
1,-1.6001,-9.5828,9.4044,0.08188
1,-0.3701,-5.5540,4.7749,1.54700
1,0.1213,0.2235,-0.4733,0.97024
1,-0.2707,3.2674,-3.5562,-3.08880
1,-5.1190,6.6486,-0.0500,-6.52060
1,-1.3946,2.3134,-0.4450,-1.49050
1,-0.6988,-3.3771,4.1211,1.50430
1,-1.4800,-10.5244,9.9176,-0.50260
1,-2.6649,-12.8130,12.6689,-1.90820
1,-0.6268,-6.3010,4.7843,1.10600
1,0.5180,0.2587,-0.8409,0.96118
1,0.6438,3.7640,-4.4738,-4.04830
1,-2.9821,4.1986,-0.5898,-3.96420
1,-1.4628,-1.5706,2.4357,0.49826
1,-1.7101,-8.7903,7.9735,-0.45475
1,-1.5572,-9.8808,8.1088,-1.08060
1,0.7443,-3.7723,1.6131,1.57540
1,2.0177,1.7982,-2.9581,0.20990
1,1.1640,3.9130,-4.5544,-3.86720
1,-4.3667,6.0692,0.5721,-5.46680
1,-2.5919,-1.0553,3.8949,0.77757
1,-1.8046,-6.8141,6.7019,1.16810
1,-0.7187,-5.7154,3.8298,1.02330
1,1.4378,0.6684,-2.0267,1.02710
1,2.1943,4.5503,-4.9760,-2.72540
1,0.7376,4.8525,-4.7986,-5.66590
1,-5.6370,8.1261,0.1308,-5.01420
1,-3.0193,1.7775,0.7375,-0.45346
1,-1.6706,-2.0900,1.5840,0.71162
1,-0.1269,-1.1505,-0.9514,0.57843
1,1.2198,2.0982,-3.1954,0.12843
1,1.4501,3.6067,-4.0557,-1.59660
1,-0.4086,3.0977,-2.9607,-2.68920
1,-3.8952,3.8157,-0.3130,-3.81940
1,-6.3679,8.0102,0.4247,-3.22070
1,-4.1429,2.7749,0.6826,-0.71984
1,-2.6864,-0.0973,0.6166,0.06119
1,-1.0555,0.7946,-1.6968,-0.46768
1,-0.2986,2.4769,-2.9512,-0.66165
1,-0.4995,1.7734,-2.2469,-0.68104
1,-1.9881,0.9995,-0.2856,-0.70044
1,-1.9389,1.5706,0.0460,-1.12200
1,-1.4375,-1.8624,4.0260,0.55127
1,-3.1875,-7.5756,11.8678,-0.57889
1,-4.6765,-5.6636,10.9690,-0.33449
1,-2.0285,3.8468,-0.6344,-1.17500
1,0.2664,0.7325,-0.6789,0.03533
1,-1.7589,-6.4624,8.4773,0.31981
1,-3.5985,-13.6593,17.6052,-2.49270
1,-3.3582,-7.2404,11.4419,-0.57113
1,-2.3629,-0.1055,1.9336,1.13580
1,-2.1802,3.3791,-1.2256,-2.66210
1,-0.4095,-0.1552,0.0605,-0.08881
1,-2.2918,-7.2570,7.9597,0.92110
1,-4.0214,-12.8006,15.6199,-0.95647
1,-3.3884,-8.2150,10.3315,0.98187
1,-2.0046,-0.4946,1.3330,1.65430
1,-1.7063,2.7956,-2.3780,-2.34910
1,-1.6386,3.3584,-1.7302,-3.56460
1,-0.4165,0.3249,-0.3362,-0.36036
1,-1.5877,-6.6072,5.8022,0.31593
1,-2.5961,-9.3490,9.7942,-0.28018
1,-1.5228,-6.4789,5.7568,0.87325
1,-0.5307,-0.0973,-0.2179,1.04260
1,-0.4908,2.8452,-3.6436,-3.10040
1,-6.5773,6.8017,0.8548,-7.53440
1,-2.4621,2.7645,-0.6258,-2.85730
1,-1.3995,-1.9162,2.5154,0.59912
1,-2.3221,-9.3304,9.2330,-0.79871
1,-3.7300,-12.9723,12.9817,-2.68400
1,-1.6988,-7.1163,5.7902,0.16723
1,-0.2665,-0.6456,-0.4201,0.89136
1,0.3333,3.3108,-4.5081,-4.01200
1,-4.2091,4.7283,-0.4913,-5.21590
1,-2.3142,-0.6849,1.9833,-0.44829
1,-2.4835,-7.4494,6.8964,-0.64484
1,-2.7611,-10.5099,9.0239,-1.95470
1,-0.3603,-4.4490,2.1067,0.94308
1,1.0117,0.9022,-2.3506,0.42714
1,0.9671,3.8426,-4.9314,-4.13230
1,-5.2049,7.2590,0.0708,-7.30040
1,-3.3203,-0.0269,2.9618,-0.44958
1,-2.5650,-5.7899,6.0122,0.04697
1,-1.5951,-6.5720,4.7689,-0.94354
1,0.7049,0.1717,-1.7859,0.36119
1,1.7331,3.9544,-4.7412,-2.50170
1,0.6818,4.8504,-5.2133,-6.10430
1,-6.3364,9.2848,0.0143,-6.78440
1,-3.8053,2.4273,0.6809,-1.08710
1,-2.1979,-2.1252,1.7151,0.45171
1,-0.8787,-2.2121,-0.0517,0.09999
1,0.7407,1.7299,-3.1963,-0.14570
1,0.9830,3.4226,-3.9692,-1.71160
1,-0.3489,3.1929,-3.4054,-3.18320
1,-3.8552,3.5219,-0.3842,-3.86080
1,-6.9599,8.9931,0.2182,-4.57200
1,-4.7462,3.1205,1.0750,-1.29660
1,-3.2051,-0.1428,0.9757,0.04568
1,-1.7549,-0.0807,-0.7577,-0.37070
1,-0.5959,2.4811,-2.8673,-0.89828
1,-0.8954,2.0279,-2.3652,-1.27460
1,-2.0754,1.2767,-0.6421,-1.26420
1,-3.2778,1.8023,0.1805,-2.39310
1,-2.2183,-1.2540,2.9986,0.36378
1,-3.5895,-6.5720,10.5251,-0.16381
1,-5.0477,-5.8023,11.2440,-0.39010
1,-3.5741,3.9440,-0.0791,-2.12030
1,-0.7351,1.7361,-1.4938,-1.15820
1,-2.2617,-4.7428,6.3489,0.11162
1,-4.2440,-13.0634,17.1116,-2.80170
1,-4.0218,-8.3040,12.5550,-1.50990
1,-3.0201,-0.6725,2.7056,0.85774
1,-2.4941,3.5447,-1.3721,-2.84830
1,-0.8312,0.0393,0.0537,-0.23105
1,-2.5665,-6.8824,7.5416,0.70774
1,-4.4018,-12.9371,15.6559,-1.68060
1,-3.7573,-8.2916,10.3032,0.38059
1,-2.4725,-0.4015,1.4855,1.11890
1,-1.9725,2.8825,-2.3086,-2.37240
1,-2.0149,3.6874,-1.9385,-3.89180
1,-0.8205,0.6518,-0.4887,-0.52716
1,-1.7886,-6.3486,5.6154,0.42584
1,-2.9138,-9.4711,9.7668,-0.60216
1,-1.8343,-6.5907,5.6429,0.54998
1,-0.8734,-0.0331,-0.2017,0.55774
1,-0.7035,2.9570,-3.5947,-3.14570
1,-6.7387,6.9879,0.6783,-7.58870
1,-2.7723,3.2777,-0.9351,-3.14570
1,-1.6641,-1.3678,1.9970,0.52283
1,-2.4349,-9.2497,8.9922,-0.50001
1,-3.7930,-12.7095,12.7957,-2.82500
1,-1.9551,-6.9756,5.5383,-0.12889
1,-0.6908,-0.5008,-0.3542,0.47498
1,0.0250,3.3998,-4.4327,-4.26550
1,-4.3967,4.9601,-0.6489,-5.47190
1,-2.4560,-0.2442,1.4041,-0.45863
1,-2.6200,-6.8555,6.2169,-0.62285
1,-2.9662,-10.3257,8.7840,-2.11380
1,-0.7149,-4.4448,2.2241,0.49826
1,0.6005,0.9995,-2.2126,0.09740
1,0.6165,3.8944,-4.7275,-4.39480
1,-5.4414,7.2363,0.1094,-7.56420
1,-3.5798,0.4594,2.3457,-0.45734
1,-2.7769,-5.6967,5.9179,0.37671
1,-1.8356,-6.7562,5.0585,-0.55044
1,0.3008,0.1738,-1.7542,0.48921
1,1.3403,4.1323,-4.7018,-2.59870
1,0.2688,4.9870,-5.1508,-6.39130
1,-6.5235,9.6014,-0.2539,-6.96420
1,-4.0679,2.4955,0.7957,-1.10390
1,-2.5640,-1.7051,1.5026,0.32757
1,-1.3414,-1.9162,-0.1554,-0.11984
1,0.2387,2.0879,-3.3522,-0.66553
1,0.6212,3.6771,-4.0771,-2.07110
1,-0.7785,3.4019,-3.4859,-3.55690
1,-4.1244,3.7909,-0.6532,-4.18020
1,-7.0421,9.2000,0.2593,-4.68320
1,-4.9462,3.5716,0.8274,-1.49570
1,-3.5359,0.3042,0.6569,-0.29570
1,-2.0662,0.1697,-1.0054,-0.82975
1,-0.8873,2.8080,-3.1432,-1.20350
1,-1.0941,2.3072,-2.5237,-1.44530
1,-2.4458,1.6285,-0.8854,-1.48020
1,-3.5510,1.8955,0.1865,-2.44090
1,-2.2811,-0.8567,2.7185,0.04438
1,-3.6053,-5.9740,10.0916,-0.82846
1,-5.0676,-5.1877,10.4266,-0.86725
1,-3.9204,4.0723,-0.2368,-2.11510
1,-1.1306,1.8458,-1.3575,-1.38060
1,-2.4561,-4.5566,6.4534,-0.05648
1,-4.4775,-13.0303,17.0834,-3.03450
1,-4.1958,-8.1819,12.1291,-1.60170
1,-3.3800,-0.7077,2.5325,0.71808
1,-2.4365,3.6026,-1.4166,-2.89480
1,-0.7769,0.1304,-0.0311,-0.35389
1,-2.7083,-6.8266,7.5339,0.59007
1,-4.5531,-12.5854,15.4417,-1.49830
1,-3.8894,-7.8322,9.8208,0.47498
1,-2.5084,-0.2276,1.4880,1.20690
1,-2.1652,3.0211,-2.4132,-2.42410
1,-1.8974,3.5074,-1.7842,-3.84910
1,-0.6204,0.5587,-0.3859,-0.66423
1,-1.8387,-6.3010,5.6506,0.19567
1,-3.0000,-9.1566,9.5766,-0.73018
1,-1.9116,-6.1603,5.6060,0.48533
1,-1.0050,0.0848,-0.2462,0.45688
1,-0.8783,3.2570,-3.6778,-3.29440
1,-6.6510,6.7934,0.6860,-7.58870
1,-2.5463,3.1101,-0.8323,-3.03580
1,-1.4377,-1.4320,2.1144,0.42067
1,-2.4554,-9.0407,8.8620,-0.86983
1,-3.9411,-12.8792,13.0597,-3.31250
1,-2.1241,-6.8969,5.5992,-0.47156
1,-0.7432,-0.3290,-0.4279,0.23317
1,-0.0715,3.7412,-4.5415,-4.25260
1,-4.2333,4.9166,-0.4921,-5.32070
1,-2.3675,-0.4366,1.6920,-0.43018
1,-2.5526,-7.3625,6.9255,-0.66811
1,-3.0986,-10.4602,8.9717,-2.34270
1,-0.8981,-4.4862,2.2009,0.50731
1,0.5623,1.0015,-2.2726,-0.00605
1,0.5394,3.8944,-4.8166,-4.34180
1,-5.3012,7.3915,0.0297,-7.39870
1,-3.3553,0.3559,2.6473,-0.37846
1,-2.7908,-5.7133,5.9530,0.45946
1,-1.9983,-6.6072,4.8254,-0.41984
1,0.1542,0.1179,-1.6823,0.59524
1,1.2080,4.0744,-4.7635,-2.61290
1,0.2952,4.8856,-5.1490,-6.23230
1,-6.4247,9.5311,0.0228,-6.85170
1,-3.9933,2.6218,0.6286,-1.15950
1,-2.6590,-1.6058,1.3647,0.16464
1,-1.4094,-2.1252,-0.1040,-0.19225
1,0.1103,1.9741,-3.3668,-0.65259
1,0.5237,3.6440,-4.0746,-1.99090
1,-0.7679,3.4598,-3.4405,-3.42760
1,-3.9698,3.6812,-0.6001,-4.01330
1,-7.0364,9.2931,0.1659,-4.53960
1,-4.9447,3.3005,1.0630,-1.44400
1,-3.5933,0.2297,0.7126,-0.33320
1,-2.1674,0.1242,-1.0465,-0.86208
1,-0.9607,2.6963,-3.1226,-1.31210
1,-1.0802,2.1996,-2.5862,-1.27590
1,-2.3277,1.4381,-0.8211,-1.28620
1,-3.7244,1.9037,-0.0354,-2.50950
1,-2.5724,-0.9560,2.7073,-0.16639
1,-3.9297,-6.0816,10.0958,-1.01470
1,-5.2943,-5.1463,10.3332,-1.11810
1,-3.8953,4.0392,-0.3019,-2.18360
1,-1.2244,1.7485,-1.4801,-1.41810
1,-2.6406,-4.4159,5.9830,-0.13924
1,-4.6338,-12.7509,16.7166,-3.21680
1,-4.2887,-7.8633,11.8387,-1.89780
1,-3.3458,-0.5049,2.6328,0.53705
1,-1.1188,3.3357,-1.3455,-1.95730
1,0.5594,-0.3104,0.1831,0.44653
1,-1.5078,-7.3191,7.8981,1.22890
1,-3.5060,-12.5667,15.1606,-0.75216
1,-2.9498,-8.2730,10.2646,1.16290
1,-1.6029,-0.3890,1.6200,1.91030
1,-1.2667,2.8183,-2.4260,-1.88620
1,-0.4928,3.0605,-1.8356,-2.83400
1,0.6637,-0.0455,-0.1879,0.23447
1,-0.7207,-6.7583,5.8408,0.62369
1,-1.9966,-9.5001,9.6820,-0.12889
1,-0.9733,-6.4168,5.6026,1.03230
1,-0.0253,-0.1738,-0.1134,1.21980
1,0.0625,2.9301,-3.5467,-2.67370
1,-5.5250,6.3258,0.8977,-6.62410
1,-1.2943,2.6735,-0.8409,-2.03230
1,-0.2404,-1.7837,2.1350,1.24180
1,-1.3968,-9.6698,9.4652,-0.34872
1,-2.9672,-13.2869,13.4727,-2.62710
1,-1.1005,-7.2508,6.0139,0.36895
1,0.2243,-0.5215,-0.4039,1.20170
1,0.9041,3.3708,-4.4987,-3.69650
1,-2.8619,4.5193,-0.5812,-4.26290
1,-1.0833,-0.3125,1.2815,0.41291
1,-1.5681,-7.2446,6.5537,-0.12760
1,-2.0545,-10.8679,9.4926,-1.41160
1,0.2346,-4.5152,2.1195,1.44480
1,1.5810,0.8691,-2.3138,0.82412
1,1.5514,3.8013,-4.9143,-3.74830
1,-4.1479,7.1225,-0.0834,-6.41720
1,-2.2625,-0.0993,2.8127,0.48662
1,-1.7479,-5.8230,5.8699,1.21200
1,-0.9592,-6.7128,4.9857,0.32886
1,1.3451,0.2359,-1.8785,1.32580
1,2.2279,4.0951,-4.8037,-2.11120
1,1.2572,4.8731,-5.2861,-5.87410
1,-5.3857,9.1214,-0.4193,-5.91810
1,-2.9786,2.3445,0.5267,-0.40173
1,-1.5851,-2.1562,1.7082,0.90170
1,-0.2189,-2.2038,-0.0954,0.56421
1,1.3183,1.9017,-3.3111,0.06507
1,1.4896,3.4288,-4.0309,-1.42590
1,0.1159,3.2219,-3.4302,-2.84570
1,-3.3924,3.3564,-0.7200,-3.52330
1,-6.1632,8.7096,-0.2162,-3.63450
1,-4.0786,2.9239,0.8703,-0.65389
1,-2.5899,-0.3911,0.9345,0.42972
1,-1.0116,-0.1904,-0.9060,0.00300
1,0.0661,2.4914,-2.9401,-0.62156
1,-0.2475,1.9368,-2.4697,-0.80518
1,-1.5732,1.0636,-0.7123,-0.83880
1,-2.1668,1.5933,0.0451,-1.67800
1,-1.1667,-1.4237,2.9241,0.66119
1,-2.8391,-6.6300,10.4849,-0.42113
1,-4.5046,-5.8126,10.8867,-0.52846
1,-2.4100,3.7433,-0.4022,-1.29530
1,0.4061,1.3492,-1.4501,-0.55949
1,-1.3887,-4.8773,6.4774,0.34179
1,-3.7503,-13.4586,17.5932,-2.77710
1,-3.5637,-8.3827,12.3930,-1.28230
1,-2.5419,-0.6580,2.6842,1.19520